score_name;score_val
confusion_matrix;"[[453   8]
 [  3 458]]"
accuracy;0.9880694143167028
f1_score;0.9880690634414787
recall;0.9880694143167028
